{
  "K": 1.5481747016795806,
  "mu_coefficients": {
    "intercept": 1.11021988575418,
    "level_team": 0.686348940017373,
    "level_opponent": -0.6694990882670679,
    "is_home": 0.42206245961712685
  },
  "mu_r_squared": 0.3064455694004209,
  "band_coverage": 0.8999903940827549,
  "n_matches_used": 83282
}